<application>
  <component name="GeneralSettings">
    <option name="showTipsOnStartup" value="true" />
    <option name="reopenLastProject" value="false" />
    <option name="autoSaveIfInactive" value="true" />
    <option name="confirmOpenNewProject2" value="-1" />
  </component>
  <component name="Registry">
    <entry key="kotlin.wasm.wizard" value="true" />
    <entry key="ide.experimental.ui" value="true" />
    <entry key="com.intellij.profiler.win.async.resolve.native.symbols" value="[JBR|Never|Always*]" />
  </component>
  <component name="StatusBar">
    <option name="widgets">
      <map>
        <entry key="AwsSettingsPanel" value="false" />
        <entry key="Memory" value="true" />
        <entry key="Translation.Widget" value="false" />
        <entry key="VFS_REFRESH" value="true" />
        <entry key="git" value="true" />
      </map>
    </option>
  </component>
</application>