<application>
  <component name="Translation.Cache">
    <option name="lastTrimTime" value="1701616265988" />
  </component>
  <component name="Translation.Settings">
    <option name="baiduTranslateSettings">
      <app-key>
        <option name="appId" value="20221231001514891" />
      </app-key>
    </option>
    <option name="primaryLanguage" value="CHINESE" />
    <option name="translator" value="BAIDU" />
  </component>
  <component name="Translation.States">
    <option name="newTranslationDialogHeight" value="325" />
    <option name="newTranslationDialogWidth" value="650" />
    <option name="newTranslationDialogX" value="2173" />
    <option name="newTranslationDialogY" value="921" />
    <histories>
      <item value="装饰" />
      <item value="规格" />
      <item value="Encircled" />
      <item value="a" />
      <item value="unary" />
      <item value="un" />
    </histories>
    <option name="languageScores">
      <map>
        <entry key="CHINESE" value="5" />
        <entry key="ENGLISH" value="3" />
      </map>
    </option>
  </component>
</application>