<code_scheme name="Default" version="173">
  <option name="LINE_SEPARATOR" value="&#10;" />
  <JSCodeStyleSettings version="0">
    <option name="IMPORT_PREFER_ABSOLUTE_PATH" value="TRUE" />
  </JSCodeStyleSettings>
  <JSON>
    <option name="ARRAY_WRAPPING" value="1" />
  </JSON>
  <JetCodeStyleSettings>
    <option name="PACKAGES_TO_USE_STAR_IMPORTS">
      <value>
        <package name="java.util" alias="false" withSubpackages="false" />
        <package name="android.opengl" alias="false" withSubpackages="true" />
        <package name="kotlinx.android.synthetic" alias="false" withSubpackages="true" />
        <package name="io.ktor" alias="false" withSubpackages="true" />
      </value>
    </option>
    <option name="CODE_STYLE_DEFAULTS" value="KOTLIN_OFFICIAL" />
  </JetCodeStyleSettings>
  <ScssCodeStyleSettings>
    <option name="VALUE_ALIGNMENT" value="1" />
    <option name="USE_DOUBLE_QUOTES" value="false" />
    <option name="ENFORCE_QUOTES_ON_FORMAT" value="true" />
  </ScssCodeStyleSettings>
  <TypeScriptCodeStyleSettings version="0">
    <option name="IMPORT_PREFER_ABSOLUTE_PATH" value="TRUE" />
  </TypeScriptCodeStyleSettings>
  <VueCodeStyleSettings>
    <option name="UNIFORM_INDENT" value="false" />
  </VueCodeStyleSettings>
  <codeStyleSettings language="kotlin">
    <option name="CODE_STYLE_DEFAULTS" value="KOTLIN_OFFICIAL" />
  </codeStyleSettings>
</code_scheme>